start_time,log_name,processed_events,discovery_algorithm,prediction_algorithm,dynamic_update,update_strategy,apply_constraint,use_consistency,use_only_conflict_data,confidence_threshold,consistency_alpha,win_min,drift_threshold,drift_moments,drift_count,average_accuracy,average_consistency,average_fscore,total_time
2025-10-16 00:52:26.703477,helpdesk2017,25928,IND,LSTM,True,finetune,True,True,True,0.5,0,300,0,"[2931, 3116, 3319, 3541, 3706, 3889, 7131, 8924, 9730, 9900, 10376, 10392, 10579, 24327]",14,0.8344074844074844,0.0,0.31459,206.526565508
2025-10-16 00:55:52.361605,helpdesk2017,25928,IND,LSTM,True,finetune,True,True,True,0.5,0,300,0.674,"[2931, 3116, 3640, 3658, 7075, 9817, 23584]",7,0.7938669438669439,0.0,0.29862,210.633180309
2025-10-16 00:59:21.547518,helpdesk2017,25928,IND,LSTM,True,finetune,True,True,True,0.5,0,300,1.282,"[2931, 3182, 3612, 3663, 7330, 9804, 23396]",7,0.8069646569646569,0.0,0.3271,200.80871848700002
2025-10-16 01:02:41.040219,helpdesk2017,25928,IND,LSTM,True,finetune,True,True,True,0.5,0,300,1.645,"[2931, 3188, 3775, 7435, 9157, 10065, 10586, 23281]",8,0.8233367983367983,0.0,0.29797,198.76189625099994
2025-10-16 01:05:59.023919,helpdesk2017,25928,IND,LSTM,True,finetune,True,True,True,0.5,0,300,2.326,"[2931, 9745, 10071, 10651, 24006]",5,0.81995841995842,0.0,0.30307,192.41134164099992
2025-10-16 01:09:10.525129,helpdesk2017,25928,IND,LSTM,True,finetune,True,True,True,0.5,0,300,2.576,"[2931, 9795, 10213, 10782, 23726]",5,0.831081081081081,0.0,0.30931,188.54167351399997
2025-10-16 01:12:18.302540,helpdesk2017,25928,IND,LSTM,True,finetune,True,True,True,0.5,0,300,3.09,"[2948, 10164, 23943]",3,0.8208419958419958,0.0,0.35244,184.23236116399994
2025-10-16 01:15:21.647779,helpdesk2017,25928,IND,LSTM,True,finetune,True,True,True,0.5,0.25,300,0,"[2931, 3116, 3308, 3509, 3684, 3868, 6349, 6365, 6393, 6579, 6769, 6955, 7132, 7303, 7620, 7724, 7890, 8196, 8354, 8514, 8700, 9020, 9130, 9357, 9503, 9691, 9870, 10515, 10664, 24029]",30,0.830977130977131,0.0,0.29886,230.38639795899985
2025-10-16 01:19:11.561261,helpdesk2017,25928,IND,LSTM,True,finetune,True,True,True,0.5,0.25,300,0.674,"[2931, 3116, 3308, 3552, 3711, 3892, 7104, 7193, 7325, 7598, 8065, 8068, 8253, 9536, 9719, 9895, 10489, 10656, 11138, 11159, 12075, 12186, 13048, 13060, 13171, 13345, 22549, 25797, 25854]",29,0.8244282744282744,0.0,0.30594,227.786195164
2025-10-16 01:22:58.103098,helpdesk2017,25928,IND,LSTM,True,finetune,True,True,True,0.5,0.25,300,1.282,"[2931, 3184, 3343, 3545, 3722, 3912, 7121, 7330, 7363, 7586, 7700, 8349, 8425, 9721, 21065, 23325, 25326, 25398, 25501]",19,0.8148128898128898,0.0,0.27869,210.8836421840001
2025-10-16 01:26:28.176325,helpdesk2017,25928,IND,LSTM,True,finetune,True,True,True,0.5,0.25,300,1.645,"[2931, 3191, 3570, 3645, 7489, 10853, 23321]",7,0.8075883575883576,0.0,0.33715,182.6268971100003
2025-10-16 01:29:29.693908,helpdesk2017,25928,IND,LSTM,True,finetune,True,True,True,0.5,0.25,300,2.326,"[2931, 9762, 9844, 10639, 10921, 23839]",6,0.8498440748440749,0.0,0.30459,180.5147894239999
2025-10-16 01:32:29.468574,helpdesk2017,25928,IND,LSTM,True,finetune,True,True,True,0.5,0.25,300,2.576,"[2935, 10051, 10103, 10585, 10828, 24165]",6,0.8488565488565488,0.0,0.31257,181.36205340700008
2025-10-16 01:35:30.073415,helpdesk2017,25928,IND,LSTM,True,finetune,True,True,True,0.5,0.25,300,3.09,"[2952, 10157, 10608, 23449]",4,0.8289501039501039,0.0,0.29863,185.90739877199985
2025-10-16 01:38:35.375588,helpdesk2017,25928,IND,LSTM,True,finetune,True,True,True,0.5,0.5,300,0,"[2931, 3116, 3308, 3509, 3684, 3868, 6349, 6365, 6393, 6579, 6769, 6955, 7132, 7303, 7620, 7724, 7890, 8196, 8354, 8514, 8700, 9020, 9130, 9357, 9503, 9691, 9870, 10515, 10664, 24029]",30,0.830977130977131,0.0,0.29886,234.62966066799981
2025-10-16 01:42:29.697884,helpdesk2017,25928,IND,LSTM,True,finetune,True,True,True,0.5,0.5,300,0.674,"[2931, 3116, 3308, 3592, 3728, 3918, 6336, 6349, 6374, 6395, 6602, 6782, 7042, 7180, 7351, 7620, 8284, 10018, 10033, 10136, 10519, 10599, 10774, 23016]",24,0.8219334719334719,0.0,0.30148,215.32101227900012
2025-10-16 01:46:04.796856,helpdesk2017,25928,IND,LSTM,True,finetune,True,True,True,0.5,0.5,300,1.282,"[2931, 3192, 3350, 3574, 3738, 3930, 7267, 7535, 7631, 8636, 10242, 10243, 10255, 10334, 10551, 13587, 13726, 13856, 23039]",19,0.8267671517671518,0.0,0.29336,200.04384670499985
2025-10-16 01:49:24.111006,helpdesk2017,25928,IND,LSTM,True,finetune,True,True,True,0.5,0.5,300,1.645,"[2931, 9745, 9840, 9966, 10142, 10519, 10612, 13524, 13587, 23269]",10,0.7733887733887734,0.0,0.30961,181.35663434399976
2025-10-16 01:52:24.738308,helpdesk2017,25928,IND,LSTM,True,finetune,True,True,True,0.5,0.5,300,2.326,"[3054, 10187, 10321, 10635, 24029]",5,0.8256237006237006,0.0,0.304,175.24895438299973
2025-10-16 01:55:19.238085,helpdesk2017,25928,IND,LSTM,True,finetune,True,True,True,0.5,0.5,300,2.576,"[3065, 10512, 10604, 10708, 23259]",5,0.8450623700623701,0.0,0.31616,173.53072338799984
2025-10-16 01:58:12.057841,helpdesk2017,25928,IND,LSTM,True,finetune,True,True,True,0.5,0.5,300,3.09,"[5482, 10812, 10826, 10840, 10845, 10990, 23191]",7,0.8306652806652807,0.0,0.30295,175.88155110699972
2025-10-16 02:01:06.805857,helpdesk2017,25928,IND,LSTM,True,finetune,True,True,True,0.5,0.75,300,0,"[2931, 3116, 3308, 3509, 3684, 3868, 6349, 6365, 6393, 6579, 6769, 6955, 7132, 7303, 7620, 7724, 7890, 8196, 8354, 8514, 8700, 9020, 9130, 9357, 9503, 9691, 9870, 10515, 10664, 24029]",30,0.830977130977131,0.0,0.29886,231.54903663599998
2025-10-16 02:04:57.917836,helpdesk2017,25928,IND,LSTM,True,finetune,True,True,True,0.5,0.75,300,0.674,"[2931, 9732, 9804, 9930, 10109, 10456, 10556, 24821]",8,0.8318087318087318,0.0,0.31029,182.87839086700023
2025-10-16 02:08:00.031949,helpdesk2017,25928,IND,LSTM,True,finetune,True,True,True,0.5,0.75,300,1.282,"[4306, 7540, 7584, 7713, 11105, 11138, 11948, 12035, 12869, 12928, 14104, 14309, 22741]",13,0.7816008316008316,0.0,0.26674,186.33792683800039
2025-10-16 02:11:05.239815,helpdesk2017,25928,IND,LSTM,True,finetune,True,True,True,0.5,0.75,300,1.645,"[4327, 10994, 11008, 11122, 11217, 23394]",6,0.85,0.0,0.31428,176.3466287199999
2025-10-16 02:14:00.859468,helpdesk2017,25928,IND,LSTM,True,finetune,True,True,True,0.5,0.75,300,2.326,"[4637, 11458, 11519, 11972, 13982, 14088, 14130, 23191]",8,0.7874740124740125,0.0,0.28241,177.2337078800001
2025-10-16 02:16:57.330363,helpdesk2017,25928,IND,LSTM,True,finetune,True,True,True,0.5,0.75,300,2.576,"[4647, 11647, 11967, 14129, 14924, 23103]",6,0.8411642411642412,0.0,0.3007,174.11270556199997
2025-10-16 02:19:50.706257,helpdesk2017,25928,IND,LSTM,True,finetune,True,True,True,0.5,0.75,300,3.09,"[5048, 12225, 12241, 12779, 13079, 23431]",6,0.8320686070686071,0.0,0.29616,185.54015683200032
2025-10-16 02:22:55.484091,helpdesk2017,25928,IND,LSTM,True,finetune,True,True,True,0.5,1.0,300,0,"[4300, 13956, 13964, 14340, 14461, 22679]",6,0.7786902286902286,0.0,0.28973,180.37311168799988
2025-10-16 02:25:55.119304,helpdesk2017,25928,IND,LSTM,True,finetune,True,True,True,0.5,1.0,300,0.674,"[4300, 13956, 13964, 14340, 14461, 22679]",6,0.7786902286902286,0.0,0.28973,192.66973730799964
2025-10-16 02:29:07.045239,helpdesk2017,25928,IND,LSTM,True,finetune,True,True,True,0.5,1.0,300,1.282,"[4329, 13982, 14036, 14105, 14114, 23282]",6,0.7701663201663201,0.0,0.28661,189.16469176400005
2025-10-16 02:32:15.453539,helpdesk2017,25928,IND,LSTM,True,finetune,True,True,True,0.5,1.0,300,1.645,"[4346, 14086, 14135, 14181, 23085]",5,0.772972972972973,0.0,0.27866,183.80327577900061
2025-10-16 02:35:18.485960,helpdesk2017,25928,IND,LSTM,True,finetune,True,True,True,0.5,1.0,300,2.326,"[4517, 15079, 15261, 24548]",4,0.7812370062370062,0.0,0.28981,190.09745790099987
2025-10-16 02:38:27.829209,helpdesk2017,25928,IND,LSTM,True,finetune,True,True,True,0.5,1.0,300,2.576,"[4641, 15115, 15305, 24580]",4,0.830977130977131,0.0,0.30437,193.9085561259999
2025-10-16 02:41:40.979817,helpdesk2017,25928,IND,LSTM,True,finetune,True,True,True,0.5,1.0,300,3.09,[5042],1,0.766008316008316,0.0,0.25164,127.54001438900013
2025-10-16 02:43:48.597424,helpdesk2017,25928,IND,Transformer,True,finetune,True,True,True,0.5,0,300,0,"[2931, 3116, 3628, 3653, 3853, 7147, 7429, 8495, 9020, 9586, 9694, 9873, 10473, 23725]",14,0.8072245322245323,0.0,0.27602,384.6136934240003
2025-10-16 02:50:12.025032,helpdesk2017,25928,IND,Transformer,True,finetune,True,True,True,0.5,0,300,0.674,"[2931, 3116, 3640, 3658, 3839, 7293, 7429, 7608, 8431, 8955, 9614, 9711, 10423, 23537]",14,0.8114345114345114,0.0,0.27346,334.99049731500054
2025-10-16 02:55:45.859346,helpdesk2017,25928,IND,Transformer,True,finetune,True,True,True,0.5,0,300,1.282,"[2931, 3152, 3785, 7293, 7330, 7624, 7703, 8406, 10122, 10223, 10408, 10410, 10593, 24693]",14,0.830977130977131,0.0,0.2999,369.8513466539998
2025-10-16 03:01:54.548646,helpdesk2017,25928,IND,Transformer,True,finetune,True,True,True,0.5,0,300,1.645,"[2931, 3186, 3635, 3674, 9600, 24898]",6,0.774948024948025,0.0,0.28021,346.14916599499975
2025-10-16 03:07:39.538905,helpdesk2017,25928,IND,Transformer,True,finetune,True,True,True,0.5,0,300,2.326,"[2952, 9900, 10147, 10867, 24418]",5,0.8443866943866943,0.0,0.30283,330.5201513410011
2025-10-16 03:13:08.977194,helpdesk2017,25928,IND,Transformer,True,finetune,True,True,True,0.5,0,300,2.576,"[3055, 10149, 10410, 23449]",4,0.8271829521829522,0.0,0.31279,324.76742385700163
2025-10-16 03:18:32.610279,helpdesk2017,25928,IND,Transformer,True,finetune,True,True,True,0.5,0,300,3.09,"[3184, 10212, 10324, 23916]",4,0.8228690228690229,0.0,0.27302,334.5019260670015
2025-10-16 03:24:05.764142,helpdesk2017,25928,IND,Transformer,True,finetune,True,True,True,0.5,0.25,300,0,"[2931, 3116, 3308, 3540, 3704, 3887, 6264, 6290, 6323, 6506, 6686, 6878, 7057, 7227, 7406, 7590, 7758, 8120, 8207, 8384, 9556, 9579, 9761, 11289, 11754, 11807, 11994, 13205, 13229, 13401, 22372, 25273, 25438, 25630, 25809]",35,0.8310291060291061,0.0,0.28004,443.26317309499973
2025-10-16 03:31:28.032228,helpdesk2017,25928,IND,Transformer,True,finetune,True,True,True,0.5,0.25,300,0.674,"[2931, 3116, 3308, 3552, 3711, 3892, 6247, 6328, 6334, 6520, 6697, 6890, 7072, 7809, 7923, 8112, 8294, 8927, 9092, 9361, 9488, 9677, 23814]",23,0.8028586278586278,0.0,0.26562,389.42972061100045
2025-10-16 03:37:56.226631,helpdesk2017,25928,IND,Transformer,True,finetune,True,True,True,0.5,0.25,300,1.282,"[2931, 3182, 3342, 3545, 3722, 4295, 5923, 7356, 7846, 8255, 10147, 10224, 10275, 10324, 10502, 23208]",16,0.8241164241164242,0.0,0.28113,367.2896395330008
2025-10-16 03:44:02.429031,helpdesk2017,25928,IND,Transformer,True,finetune,True,True,True,0.5,0.25,300,1.645,"[2935, 3188, 3593, 3654, 7471, 7884, 8207, 10058, 10236, 10249, 10427, 23332]",12,0.8021309771309771,0.0,0.28769,351.963636208
2025-10-16 03:49:52.918231,helpdesk2017,25928,IND,Transformer,True,finetune,True,True,True,0.5,0.25,300,2.326,"[3054, 9859, 9920, 10549, 10550, 10652, 24605]",7,0.8334199584199584,0.0,0.29454,341.0607422519988
2025-10-16 03:55:32.550917,helpdesk2017,25928,IND,Transformer,True,finetune,True,True,True,0.5,0.25,300,2.576,"[3064, 10324, 10606, 23500]",4,0.8198024948024948,0.0,0.29083,341.64844032900146
2025-10-16 04:01:12.830135,helpdesk2017,25928,IND,Transformer,True,finetune,True,True,True,0.5,0.25,300,3.09,"[3186, 10244, 10362, 10975, 24488]",5,0.8492203742203742,0.0,0.30242,353.37009083500016
2025-10-16 04:07:04.658261,helpdesk2017,25928,IND,Transformer,True,finetune,True,True,True,0.5,0.5,300,0,"[2931, 3116, 3308, 3540, 3704, 3887, 6264, 6290, 6323, 6506, 6686, 6878, 7057, 7227, 7406, 7590, 7758, 8120, 8207, 8384, 9556, 9579, 9761, 11289, 11754, 11807, 11994, 13205, 13229, 13401, 22372, 25273, 25438, 25630, 25809]",35,0.8310291060291061,0.0,0.28004,502.63612416399883
2025-10-16 04:15:26.360675,helpdesk2017,25928,IND,Transformer,True,finetune,True,True,True,0.5,0.5,300,0.674,"[2931, 3116, 3308, 3559, 3714, 3904, 7108, 7197, 7328, 7582, 7716, 9738, 9822, 10308, 10349, 10520, 24737, 24738, 24743, 24806, 25114, 25199, 25373, 25569]",24,0.8216216216216217,0.0,0.29812,399.58493888200064
2025-10-16 04:22:04.243508,helpdesk2017,25928,IND,Transformer,True,finetune,True,True,True,0.5,0.5,300,1.282,"[2935, 3191, 3350, 3592, 3746, 4181, 4233, 5910, 5923, 6046, 6228, 7100, 7195, 7370, 7587, 7738, 8205, 8236, 9536, 9717, 10587, 10675, 24015]",23,0.8268711018711019,0.0,0.28615,339.56225356699906
2025-10-16 04:27:42.990878,helpdesk2017,25928,IND,Transformer,True,finetune,True,True,True,0.5,0.5,300,1.645,"[2952, 9900, 9998, 10186, 10553, 10625, 23665]",7,0.815956340956341,0.0,0.28519,331.54170766900097
2025-10-16 04:33:13.409367,helpdesk2017,25928,IND,Transformer,True,finetune,True,True,True,0.5,0.5,300,2.326,"[5050, 7140, 7201, 7342, 7634, 8654, 10368, 10413, 10468, 13188, 13367, 23077]",12,0.8252598752598752,0.0,0.2694,361.89274539600046
2025-10-16 04:39:14.469200,helpdesk2017,25928,IND,Transformer,True,finetune,True,True,True,0.5,0.5,300,2.576,"[5174, 7090, 7193, 10408, 10472, 25808]",6,0.8070686070686071,0.0,0.28705,374.4919228179988
2025-10-16 04:45:27.769725,helpdesk2017,25928,IND,Transformer,True,finetune,True,True,True,0.5,0.5,300,3.09,"[5482, 11253, 11394, 12100, 23321]",5,0.8502079002079002,0.0,0.27965,333.38255261700033
2025-10-16 04:50:59.663629,helpdesk2017,25928,IND,Transformer,True,finetune,True,True,True,0.5,0.75,300,0,"[2931, 3116, 3308, 3540, 3704, 3887, 6264, 6290, 6323, 6506, 6686, 6878, 7057, 7227, 7406, 7590, 7758, 8120, 8207, 8384, 9556, 9579, 9761, 11289, 11754, 11807, 11994, 13205, 13229, 13401, 22372, 25273, 25438, 25630, 25809]",35,0.8310291060291061,0.0,0.28004,470.80537679699955
2025-10-16 04:58:49.621418,helpdesk2017,25928,IND,Transformer,True,finetune,True,True,True,0.5,0.75,300,0.674,"[2948, 9864, 9911, 10044, 10354, 10466, 23103]",7,0.8133056133056134,0.0,0.27528,339.3132232150001
2025-10-16 05:04:27.722772,helpdesk2017,25928,IND,Transformer,True,finetune,True,True,True,0.5,0.75,300,1.282,"[4320, 11026, 11033, 11054, 11188, 11398, 12085, 14135, 14139, 14811, 24206]",11,0.8434511434511435,0.0,0.2803,365.77050385999974
2025-10-16 05:10:32.354781,helpdesk2017,25928,IND,Transformer,True,finetune,True,True,True,0.5,0.75,300,1.645,"[4336, 11189, 11373, 23599]",4,0.826091476091476,0.0,0.27576,324.30285089099925
2025-10-16 05:15:55.484349,helpdesk2017,25928,IND,Transformer,True,finetune,True,True,True,0.5,0.75,300,2.326,"[4637, 11989, 12114, 12210, 23277]",5,0.7805613305613306,0.0,0.27046,236.49431005400038
2025-10-16 05:19:50.881496,helpdesk2017,25928,IND,Transformer,True,finetune,True,True,True,0.5,0.75,300,2.576,"[4647, 11951, 12096, 12186, 23348]",5,0.7806652806652806,0.0,0.27898,343.5973193519985
2025-10-16 05:25:33.327288,helpdesk2017,25928,IND,Transformer,True,finetune,True,True,True,0.5,0.75,300,3.09,"[5048, 13474, 13565, 23394]",4,0.8353430353430353,0.0,0.27141,338.1124997989973
2025-10-16 05:31:10.325777,helpdesk2017,25928,IND,Transformer,True,finetune,True,True,True,0.5,1.0,300,0,"[4300, 13956, 13964, 14340, 14461, 22679]",6,0.7853950103950104,0.0,0.25893,324.86490875399977
2025-10-16 05:36:34.069782,helpdesk2017,25928,IND,Transformer,True,finetune,True,True,True,0.5,1.0,300,0.674,"[4300, 13956, 13964, 14340, 14461, 22679]",6,0.7853950103950104,0.0,0.25893,343.6335729849998
2025-10-16 05:42:16.548001,helpdesk2017,25928,IND,Transformer,True,finetune,True,True,True,0.5,1.0,300,1.282,"[4329, 13982, 14036, 14105, 14114, 23282]",6,0.7764553014553015,0.0,0.25756,356.45058212000004
2025-10-16 05:48:11.843867,helpdesk2017,25928,IND,Transformer,True,finetune,True,True,True,0.5,1.0,300,1.645,"[4346, 14086, 14135, 14181, 23085]",5,0.7772869022869023,0.0,0.25661,354.76008964599896
2025-10-16 05:54:05.450457,helpdesk2017,25928,IND,Transformer,True,finetune,True,True,True,0.5,1.0,300,2.326,"[4517, 15079, 15261, 24548]",4,0.837941787941788,0.0,0.29848,350.1788125259991
2025-10-16 05:59:54.470154,helpdesk2017,25928,IND,Transformer,True,finetune,True,True,True,0.5,1.0,300,2.576,"[4641, 15115, 15305, 24580]",4,0.8435031185031185,0.0,0.29052,343.2266290189982
2025-10-16 06:05:36.526998,helpdesk2017,25928,IND,Transformer,True,finetune,True,True,True,0.5,1.0,300,3.09,[5042],1,0.8146049896049896,0.0,0.26507,239.79328884600181
2025-10-16 06:09:36.001781,helpdesk2017,25928,ILP,LSTM,True,finetune,True,True,True,0.5,0,300,0,"[2931, 3116, 3319, 3541, 3706, 3889, 7131, 8924, 9730, 9900, 10376, 10392, 10579, 24327]",14,0.8331081081081081,0.0,0.31421,220.84445327100184
2025-10-16 06:13:16.635405,helpdesk2017,25928,ILP,LSTM,True,finetune,True,True,True,0.5,0,300,0.674,"[2931, 3116, 3640, 3658, 7075, 9817, 23584]",7,0.8132016632016632,0.0,0.30426,192.12438183300037
2025-10-16 06:16:28.191145,helpdesk2017,25928,ILP,LSTM,True,finetune,True,True,True,0.5,0,300,1.282,"[2931, 3182, 3612, 3663, 7330, 9804, 23396]",7,0.8248440748440748,0.0,0.33213,191.04913428800137
2025-10-16 06:19:38.666398,helpdesk2017,25928,ILP,LSTM,True,finetune,True,True,True,0.5,0,300,1.645,"[2931, 3188, 3775, 7435, 9157, 10065, 10586, 23281]",8,0.8244282744282744,0.0,0.29825,197.8255428449993
2025-10-16 06:22:56.386142,helpdesk2017,25928,ILP,LSTM,True,finetune,True,True,True,0.5,0,300,2.326,"[2931, 9745, 10071, 10651, 24006]",5,0.8201143451143451,0.0,0.30322,184.64112704299987
2025-10-16 06:26:00.830624,helpdesk2017,25928,ILP,LSTM,True,finetune,True,True,True,0.5,0,300,2.576,"[2931, 9795, 10213, 10782, 23726]",5,0.8320686070686071,0.0,0.30961,174.25118873099927
2025-10-16 06:28:54.902307,helpdesk2017,25928,ILP,LSTM,True,finetune,True,True,True,0.5,0,300,3.09,"[2948, 10164, 23943]",3,0.8204261954261954,0.0,0.35229,174.01006529299775
2025-10-16 06:31:48.595068,helpdesk2017,25928,ILP,LSTM,True,finetune,True,True,True,0.5,0.25,300,0,"[2931, 3116, 3319, 3541, 3706, 3889, 7131, 8924, 9730, 9900, 10054, 10234, 10411, 23394]",14,0.8182432432432433,0.0,0.31479,189.67845457599833
2025-10-16 06:34:58.305551,helpdesk2017,25928,ILP,LSTM,True,finetune,True,True,True,0.5,0.25,300,0.674,"[2931, 3116, 3640, 3658, 3839, 7169, 7282, 9015, 10335, 10336, 10387, 23276]",12,0.8098232848232848,0.0,0.31156,183.2110731440007
2025-10-16 06:38:01.495595,helpdesk2017,25928,ILP,LSTM,True,finetune,True,True,True,0.5,0.25,300,1.282,"[2931, 3184, 3593, 3653, 7325, 9804, 23394]",7,0.8182432432432433,0.0,0.34161,180.78310861200225
2025-10-16 06:41:01.683320,helpdesk2017,25928,ILP,LSTM,True,finetune,True,True,True,0.5,0.25,300,1.645,"[2931, 3191, 3593, 3654, 7444, 9861, 23583]",7,0.8151247401247401,0.0,0.3463,190.28848171799837
2025-10-16 06:44:11.385184,helpdesk2017,25928,ILP,LSTM,True,finetune,True,True,True,0.5,0.25,300,2.326,"[2931, 9762, 10171, 10772, 23443]",5,0.8326923076923077,0.0,0.31845,177.88876131800134
2025-10-16 06:47:09.068561,helpdesk2017,25928,ILP,LSTM,True,finetune,True,True,True,0.5,0.25,300,2.576,"[2935, 10051, 10119, 10644, 24085]",5,0.8191268191268192,0.0,0.31113,178.90645116700034
2025-10-16 06:50:07.786064,helpdesk2017,25928,ILP,LSTM,True,finetune,True,True,True,0.5,0.25,300,3.09,"[2952, 10157, 24009]",3,0.8178794178794179,0.0,0.29366,177.00462459700066
2025-10-16 06:53:04.442194,helpdesk2017,25928,ILP,LSTM,True,finetune,True,True,True,0.5,0.5,300,0,"[2931, 3116, 3319, 3541, 3706, 3889, 7131, 8924, 9730, 9900, 10054, 10234, 10411, 23394]",14,0.8182432432432433,0.0,0.31479,197.41143882599863
2025-10-16 06:56:21.872555,helpdesk2017,25928,ILP,LSTM,True,finetune,True,True,True,0.5,0.5,300,0.674,"[2931, 3116, 3647, 3663, 3842, 7265, 7266, 7313, 7429, 7608, 8474, 9817, 23493]",13,0.8141372141372142,0.0,0.31047,202.89295031299844
2025-10-16 06:59:44.721494,helpdesk2017,25928,ILP,LSTM,True,finetune,True,True,True,0.5,0.5,300,1.282,"[2931, 3192, 3593, 3655, 7487, 10854, 23331]",7,0.8193866943866944,0.0,0.32185,174.97889436200057
2025-10-16 07:02:39.290790,helpdesk2017,25928,ILP,LSTM,True,finetune,True,True,True,0.5,0.5,300,1.645,"[2931, 9745, 10072, 10650, 23947]",5,0.8194386694386694,0.0,0.30423,184.71386164100113
2025-10-16 07:05:43.821316,helpdesk2017,25928,ILP,LSTM,True,finetune,True,True,True,0.5,0.5,300,2.326,"[3054, 10187, 10405, 24253]",4,0.8168918918918919,0.0,0.31919,183.63382834000004
2025-10-16 07:08:47.195644,helpdesk2017,25928,ILP,LSTM,True,finetune,True,True,True,0.5,0.5,300,2.576,"[3065, 10512, 24131]",3,0.816995841995842,0.0,0.35013,190.80435917100112
2025-10-16 07:11:57.722011,helpdesk2017,25928,ILP,LSTM,True,finetune,True,True,True,0.5,0.5,300,3.09,"[10361, 10689, 24764]",3,0.8446465696465697,0.0,0.30641,192.06941972099958
2025-10-16 07:15:09.450394,helpdesk2017,25928,ILP,LSTM,True,finetune,True,True,True,0.5,0.75,300,0,"[2931, 3116, 3319, 3541, 3706, 3889, 7131, 8924, 9730, 9900, 10054, 10234, 10411, 23394]",14,0.8182432432432433,0.0,0.31479,196.72267909499715
2025-10-16 07:18:26.197626,helpdesk2017,25928,ILP,LSTM,True,finetune,True,True,True,0.5,0.75,300,0.674,"[2931, 9732, 9804, 9822, 9940, 24295]",6,0.8056652806652806,0.0,0.29805,191.64183815399883
2025-10-16 07:21:37.582516,helpdesk2017,25928,ILP,LSTM,True,finetune,True,True,True,0.5,0.75,300,1.282,"[10242, 10638, 24143]",3,0.8228170478170478,0.0,0.31697,182.17007672600084
2025-10-16 07:24:39.397915,helpdesk2017,25928,ILP,LSTM,True,finetune,True,True,True,0.5,0.75,300,1.645,"[10551, 11192, 23077]",3,0.8477130977130977,0.0,0.3094,181.52577891699912
2025-10-16 07:27:40.573725,helpdesk2017,25928,ILP,LSTM,True,finetune,True,True,True,0.5,0.75,300,2.326,"[12710, 25733]",2,0.8418399168399169,0.0,0.28318,192.91150574199855
2025-10-16 07:30:53.160540,helpdesk2017,25928,ILP,LSTM,True,finetune,True,True,True,0.5,0.75,300,2.576,"[12847, 25780]",2,0.8373700623700624,0.0,0.31949,207.18465064599877
2025-10-16 07:34:20.027995,helpdesk2017,25928,ILP,LSTM,True,finetune,True,True,True,0.5,0.75,300,3.09,"[13191, 25733]",2,0.8367463617463617,0.0,0.29903,195.1577853939998
2025-10-16 07:37:34.839114,helpdesk2017,25928,ILP,LSTM,True,finetune,True,True,True,0.5,1.0,300,0,[],0,0.7619022869022869,0.0,0.24989,116.89080146199922
2025-10-16 07:39:31.917284,helpdesk2017,25928,ILP,LSTM,True,finetune,True,True,True,0.5,1.0,300,0.674,[],0,0.7619022869022869,0.0,0.24989,116.05259357199975
2025-10-16 07:41:28.155640,helpdesk2017,25928,ILP,LSTM,True,finetune,True,True,True,0.5,1.0,300,1.282,[],0,0.7619022869022869,0.0,0.24989,116.53114121500039
2025-10-16 07:43:24.876782,helpdesk2017,25928,ILP,LSTM,True,finetune,True,True,True,0.5,1.0,300,1.645,[],0,0.7619022869022869,0.0,0.24989,115.21397661300216
2025-10-16 07:45:20.282818,helpdesk2017,25928,ILP,LSTM,True,finetune,True,True,True,0.5,1.0,300,2.326,[],0,0.7619022869022869,0.0,0.24989,116.08195348400113
2025-10-16 07:47:16.553317,helpdesk2017,25928,ILP,LSTM,True,finetune,True,True,True,0.5,1.0,300,2.576,[],0,0.7619022869022869,0.0,0.24989,124.33843794899803
2025-10-16 07:49:21.075694,helpdesk2017,25928,ILP,LSTM,True,finetune,True,True,True,0.5,1.0,300,3.09,[],0,0.7619022869022869,0.0,0.24989,120.5708684980018
2025-10-16 07:51:21.834913,helpdesk2017,25928,ILP,Transformer,True,finetune,True,True,True,0.5,0,300,0,"[2931, 3116, 3628, 3653, 3853, 7147, 7429, 8495, 9020, 9586, 9694, 9873, 10473, 23725]",14,0.8093035343035343,0.0,0.27662,382.0964002690016
2025-10-16 07:57:43.618213,helpdesk2017,25928,ILP,Transformer,True,finetune,True,True,True,0.5,0,300,0.674,"[2931, 3116, 3640, 3658, 3839, 7293, 7429, 7608, 8431, 8955, 9614, 9711, 10423, 23537]",14,0.8114345114345114,0.0,0.27348,326.79634047799846
2025-10-16 08:03:10.050433,helpdesk2017,25928,ILP,Transformer,True,finetune,True,True,True,0.5,0,300,1.282,"[2931, 3152, 3785, 7293, 7330, 7624, 7703, 8406, 10122, 10223, 10408, 10410, 10593, 24693]",14,0.831081081081081,0.0,0.29992,291.8460787440017
2025-10-16 08:08:01.412211,helpdesk2017,25928,ILP,Transformer,True,finetune,True,True,True,0.5,0,300,1.645,"[2931, 3186, 3635, 3674, 9600, 24898]",6,0.8054573804573805,0.0,0.28893,344.40785724300076
2025-10-16 08:13:45.192660,helpdesk2017,25928,ILP,Transformer,True,finetune,True,True,True,0.5,0,300,2.326,"[2952, 9900, 10147, 10867, 24418]",5,0.8453742203742204,0.0,0.30327,305.24279130300056
2025-10-16 08:18:49.881202,helpdesk2017,25928,ILP,Transformer,True,finetune,True,True,True,0.5,0,300,2.576,"[3055, 10149, 10410, 23449]",4,0.8272349272349272,0.0,0.31271,325.12375584599795
2025-10-16 08:24:14.277964,helpdesk2017,25928,ILP,Transformer,True,finetune,True,True,True,0.5,0,300,3.09,"[3184, 10212, 10324, 23916]",4,0.8237525987525988,0.0,0.2731,337.28784744899895
2025-10-16 08:29:50.873545,helpdesk2017,25928,ILP,Transformer,True,finetune,True,True,True,0.5,0.25,300,0,"[2931, 3116, 3628, 3653, 3833, 7121, 7258, 7439, 7616, 8474, 8484, 8570, 8765, 8948, 9135, 9481, 9573, 9755, 23796]",19,0.8022869022869022,0.0,0.26411,388.165719634002
2025-10-16 08:36:18.753993,helpdesk2017,25928,ILP,Transformer,True,finetune,True,True,True,0.5,0.25,300,0.674,"[2931, 3116, 3640, 3658, 3839, 7293, 7429, 7608, 8474, 8492, 8571, 9741, 9766, 9935, 23500]",15,0.8153326403326403,0.0,0.26752,378.8243425440014
2025-10-16 08:42:37.149846,helpdesk2017,25928,ILP,Transformer,True,finetune,True,True,True,0.5,0.25,300,1.282,"[2931, 3182, 3593, 3652, 7444, 10122, 23284]",7,0.8199064449064449,0.0,0.27387,344.27285193199714
2025-10-16 08:48:20.407472,helpdesk2017,25928,ILP,Transformer,True,finetune,True,True,True,0.5,0.25,300,1.645,"[2935, 3188, 3748, 7435, 9648, 9793, 10142, 10243, 10467, 23442]",10,0.8264033264033264,0.0,0.28512,360.18734858300013
2025-10-16 08:54:19.699734,helpdesk2017,25928,ILP,Transformer,True,finetune,True,True,True,0.5,0.25,300,2.326,"[3054, 9859, 10212, 23631]",4,0.8217775467775468,0.0,0.27551,321.42843994000214
2025-10-16 08:59:40.459101,helpdesk2017,25928,ILP,Transformer,True,finetune,True,True,True,0.5,0.25,300,2.576,"[3064, 10324, 23720]",3,0.8248960498960499,0.0,0.29325,318.5938058699976
2025-10-16 09:04:58.434673,helpdesk2017,25928,ILP,Transformer,True,finetune,True,True,True,0.5,0.25,300,3.09,"[3186, 10244, 10587, 24202]",4,0.8189189189189189,0.0,0.30036,275.9091642550011
2025-10-16 09:09:33.722154,helpdesk2017,25928,ILP,Transformer,True,finetune,True,True,True,0.5,0.5,300,0,"[2931, 3116, 3628, 3653, 3833, 7121, 7258, 7439, 7616, 8474, 8484, 8570, 8765, 8948, 9135, 9481, 9573, 9755, 23796]",19,0.8022869022869022,0.0,0.26411,385.89066084399747
2025-10-16 09:15:59.283896,helpdesk2017,25928,ILP,Transformer,True,finetune,True,True,True,0.5,0.5,300,0.674,"[2931, 3116, 3647, 3663, 3842, 7245, 7266, 7271, 7405, 7589, 8492, 9735, 23280]",13,0.821101871101871,0.0,0.30191,376.3858084179992
2025-10-16 09:22:15.133991,helpdesk2017,25928,ILP,Transformer,True,finetune,True,True,True,0.5,0.5,300,1.282,"[2935, 3191, 3593, 3655, 9661, 9779, 10076, 10362, 10475, 23277, 23281, 23440]",12,0.8366943866943867,0.0,0.30624,357.6500403229984
2025-10-16 09:28:12.353413,helpdesk2017,25928,ILP,Transformer,True,finetune,True,True,True,0.5,0.5,300,1.645,"[2952, 9900, 10147, 10867, 24418]",5,0.8453742203742204,0.0,0.30327,339.6788985179992
2025-10-16 09:33:51.432171,helpdesk2017,25928,ILP,Transformer,True,finetune,True,True,True,0.5,0.5,300,2.326,"[10071, 10142, 10410, 23566]",4,0.8257796257796258,0.0,0.2947,336.16792824300137
2025-10-16 09:39:26.718961,helpdesk2017,25928,ILP,Transformer,True,finetune,True,True,True,0.5,0.5,300,2.576,"[10179, 10248, 10287, 10512, 23466]",5,0.8257276507276508,0.0,0.28472,328.6212159880015
2025-10-16 09:44:54.614785,helpdesk2017,25928,ILP,Transformer,True,finetune,True,True,True,0.5,0.5,300,3.09,"[10397, 10577, 24143]",3,0.8338877338877339,0.0,0.30215,333.36509000300066
2025-10-16 09:50:27.185236,helpdesk2017,25928,ILP,Transformer,True,finetune,True,True,True,0.5,0.75,300,0,"[2931, 3116, 3635, 3656, 3837, 7190, 7280, 7413, 7594, 8388, 9011, 9623, 9719, 9895, 10416, 10423, 10605, 24407]",18,0.8343555093555094,0.0,0.30467,399.05758744499997
2025-10-16 09:56:51.698619,helpdesk2017,25928,ILP,Transformer,True,finetune,True,True,True,0.5,0.75,300,0.674,"[2948, 9864, 10164, 11040, 24670]",5,0.8511954261954262,0.0,0.30631,257.8110842380047
2025-10-16 10:01:08.969596,helpdesk2017,25928,ILP,Transformer,True,finetune,True,True,True,0.5,0.75,300,1.282,"[10733, 11780, 23260]",3,0.8504677754677755,0.0,0.30113,313.978396757
2025-10-16 10:05:55.830569,helpdesk2017,25928,ILP,Transformer,True,finetune,True,True,True,0.5,0.75,300,1.645,"[10584, 11493, 23076]",3,0.849012474012474,0.0,0.30063,311.0077640410001
2025-10-16 10:11:17.453860,helpdesk2017,25928,ILP,Transformer,True,finetune,True,True,True,0.5,0.75,300,2.326,"[13397, 25663]",2,0.8489085239085239,0.0,0.30063,331.27344738399984
2025-10-16 10:16:49.259208,helpdesk2017,25928,ILP,Transformer,True,finetune,True,True,True,0.5,0.75,300,2.576,"[13192, 25733]",2,0.8420997920997921,0.0,0.30699,343.4299765839969
2025-10-16 10:22:31.830364,helpdesk2017,25928,ILP,Transformer,True,finetune,True,True,True,0.5,0.75,300,3.09,[25158],1,0.8180353430353431,0.0,0.27643,321.57339440099986
2025-10-16 10:28:28.494780,helpdesk2017,25928,ILP,Transformer,True,finetune,True,True,True,0.5,1.0,300,0,[],0,0.7996361746361746,0.0,0.26134,194.7098320160003
2025-10-16 10:31:42.927819,helpdesk2017,25928,ILP,Transformer,True,finetune,True,True,True,0.5,1.0,300,0.674,[],0,0.7996361746361746,0.0,0.26134,193.94239613500395
2025-10-16 10:34:56.651399,helpdesk2017,25928,ILP,Transformer,True,finetune,True,True,True,0.5,1.0,300,1.282,[],0,0.7996361746361746,0.0,0.26134,185.66290579699853
2025-10-16 10:38:02.103345,helpdesk2017,25928,ILP,Transformer,True,finetune,True,True,True,0.5,1.0,300,1.645,[],0,0.7996361746361746,0.0,0.26134,191.74896771199565
2025-10-16 10:41:13.534570,helpdesk2017,25928,ILP,Transformer,True,finetune,True,True,True,0.5,1.0,300,2.326,[],0,0.7996361746361746,0.0,0.26134,192.3116169970017
2025-10-16 10:44:25.656730,helpdesk2017,25928,ILP,Transformer,True,finetune,True,True,True,0.5,1.0,300,2.576,[],0,0.7996361746361746,0.0,0.26134,193.82515602800413
2025-10-16 10:47:39.316976,helpdesk2017,25928,ILP,Transformer,True,finetune,True,True,True,0.5,1.0,300,3.09,[],0,0.7996361746361746,0.0,0.26134,190.14533027800644
2025-10-17 08:45:04.238067,helpdesk2017,25928,ILP,LSTM,False,finetune,False,True,True,0.5,0.75,300,0.674,[],0,0.7619022869022869,0.0,0.24989,84.52880710400001
2025-10-16 14:02:12.286102,helpdesk2017,25928,ILP,Transformer,True,finetune,False,True,True,0.5,0.75,300,0.674,"[2948, 9796, 10223, 10867, 23296, 25340]",6,0.8464656964656965,0.0,0.29914,357.276278431
2025-10-16 14:09:49.674604,helpdesk2017,25928,ILP,Transformer,True,finetune,True,False,True,0.5,0.75,300,0.674,"[2931, 3116, 3646, 3661, 7349, 10164, 23449]",7,0.820997920997921,0.0,0.29881,367.685400772
2025-10-16 15:00:24.876435,helpdesk2017,25928,ILP,Transformer,True,finetune,True,True,False,0.5,0.75,300,0.674,"[2948, 9764, 10076, 23309]",4,0.8265072765072765,0.0,0.30383,480.714623514
2025-10-16 15:08:23.610498,helpdesk2017,25928,ILP,Transformer,True,retrain,True,True,True,0.5,0.75,300,0.674,"[2948, 9893, 10143, 10864, 24553, 25193]",6,0.8472972972972973,0.0,0.29299,802.6139723460001
2025-10-16 15:21:42.979228,helpdesk2017,25928,ILP,Transformer,True,retrain,True,True,False,0.5,0.75,300,0.674,"[2948, 9744, 10076, 23618]",4,0.8265592515592516,0.0,0.31876,1315.9003819060001
